<?xml version="1.0" encoding="UTF-8"?>
<Configuration status="WARN" strict="true">
    <Properties>
        <Property name="baseDir">logs</Property>
    </Properties>
    <Appenders>
        <RollingFile name="RollingFile"
                     fileName="${baseDir}/common.log"
                     filePattern="${baseDir}/tng-%d{MM-dd-yyyy}-%i.log">
            <PatternLayout>
                <Pattern>%d %d{Z} [%t] %-5p (%F:%L) - %m%n
                </Pattern>
            </PatternLayout>
            <Policies>
                <SizeBasedTriggeringPolicy size="10MB"/>
            </Policies>
        </RollingFile>
        <Console name="Console" target="SYSTEM_OUT">
            <PatternLayout
                    pattern="%-5p [%t] %c{1} - %m%n"/>
        </Console>
    </Appenders>
    <Loggers>
        <Root level="info">
            <AppenderRef ref="Console"/>
            <AppenderRef ref="RollingFile"/>
        </Root>
    </Loggers>
</Configuration>